lr-Adam,lr-Adam-1,lr-Adam-2,lr-Adam-3,step,g_loss,f_loss,d_x_loss,d_y_loss,epoch
0.0002,0.0002,0.0002,0.0002,0,,,,,
0.0002,0.0002,0.0002,0.0002,49,,,,,
,,,,49,1.7171462774276733,1.888702392578125,0.4166412353515625,0.5069366097450256,0
