{
    "loss": [
        2.3068959712982178,
        2.029001474380493,
        1.9127801656723022,
        1.9215307235717773,
        1.899038314819336,
        1.8729833364486694,
        1.8848304748535156,
        1.8864833116531372,
        1.8677597045898438,
        1.8675744533538818,
        1.8651165962219238,
        1.8567471504211426,
        1.8469667434692383,
        1.875914454460144,
        1.8742135763168335,
        1.8282146453857422,
        1.853963017463684,
        1.8419865369796753,
        1.8580741882324219,
        1.8172085285186768
    ],
    "classifier_loss": [
        1.682520866394043,
        1.3969110250473022,
        1.2936979532241821,
        1.2899361848831177,
        1.2696781158447266,
        1.2488157749176025,
        1.2562114000320435,
        1.257114291191101,
        1.2435237169265747,
        1.2430607080459595,
        1.2421717643737793,
        1.2375495433807373,
        1.2290184497833252,
        1.2490772008895874,
        1.248349905014038,
        1.2169355154037476,
        1.2349424362182617,
        1.225638508796692,
        1.2358314990997314,
        1.2104530334472656
    ],
    "regressor_loss": [
        0.6243749856948853,
        0.6320911645889282,
        0.6190828084945679,
        0.6315943598747253,
        0.6293601393699646,
        0.6241675615310669,
        0.6286189556121826,
        0.6293687224388123,
        0.6242351531982422,
        0.6245135068893433,
        0.6229450106620789,
        0.6191967725753784,
        0.6179482340812683,
        0.6268374919891357,
        0.6258633732795715,
        0.6112791895866394,
        0.619020938873291,
        0.6163484454154968,
        0.6222430467605591,
        0.6067558526992798
    ],
    "classifier_mse": [
        0.09043453633785248,
        0.09222747385501862,
        0.095244862139225,
        0.0960887148976326,
        0.09765873104333878,
        0.09784764051437378,
        0.09776736050844193,
        0.09877674281597137,
        0.09868723154067993,
        0.09839439392089844,
        0.09925445914268494,
        0.09828607738018036,
        0.0991256982088089,
        0.09941675513982773,
        0.09925860166549683,
        0.09908143430948257,
        0.09877122938632965,
        0.09910771250724792,
        0.0994034856557846,
        0.09934491664171219
    ],
    "classifier_mae": [
        0.17251071333885193,
        0.18972676992416382,
        0.1976424753665924,
        0.20050403475761414,
        0.20338355004787445,
        0.2040265053510666,
        0.20427346229553223,
        0.2057010978460312,
        0.20570354163646698,
        0.20552892982959747,
        0.20656496286392212,
        0.20552729070186615,
        0.20648081600666046,
        0.20689347386360168,
        0.20675013959407806,
        0.20657682418823242,
        0.20623722672462463,
        0.20666968822479248,
        0.20701342821121216,
        0.20695923268795013
    ],
    "classifier_root_mean_squared_error": [
        0.3007233440876007,
        0.30368977785110474,
        0.30861765146255493,
        0.3099817931652069,
        0.31250399351119995,
        0.312806099653244,
        0.3126777410507202,
        0.3142876625061035,
        0.3141452372074127,
        0.3136788010597229,
        0.3150467574596405,
        0.3135060966014862,
        0.3148423433303833,
        0.3153042197227478,
        0.3150533437728882,
        0.3147720396518707,
        0.3142789304256439,
        0.3148137629032135,
        0.3152831792831421,
        0.31519028544425964
    ],
    "regressor_mse": [
        0.37498489022254944,
        0.3924117982387543,
        0.39034414291381836,
        0.38551297783851624,
        0.38495466113090515,
        0.39184704422950745,
        0.3856821358203888,
        0.38648131489753723,
        0.3835375905036926,
        0.38191401958465576,
        0.3779289722442627,
        0.37129852175712585,
        0.38472986221313477,
        0.38460487127304077,
        0.38024061918258667,
        0.3752100169658661,
        0.37668269872665405,
        0.3807045519351959,
        0.38111159205436707,
        0.3711012601852417
    ],
    "regressor_mae": [
        0.5110843777656555,
        0.5226376056671143,
        0.5216349363327026,
        0.5182435512542725,
        0.5158793330192566,
        0.5220373272895813,
        0.5178873538970947,
        0.5163575410842896,
        0.5151562094688416,
        0.5149769186973572,
        0.5097731351852417,
        0.5051949620246887,
        0.5166927576065063,
        0.5177655816078186,
        0.5114727020263672,
        0.508778989315033,
        0.509852409362793,
        0.5130528211593628,
        0.513444721698761,
        0.5069107413291931
    ],
    "regressor_root_mean_squared_error": [
        0.6123601198196411,
        0.6264278292655945,
        0.6247752904891968,
        0.6208969354629517,
        0.6204471588134766,
        0.6259768605232239,
        0.6210331320762634,
        0.6216762065887451,
        0.6193041205406189,
        0.6179919242858887,
        0.6147593259811401,
        0.6093426942825317,
        0.6202659606933594,
        0.620165228843689,
        0.6166365146636963,
        0.6125438809394836,
        0.6137447953224182,
        0.617012619972229,
        0.6173423528671265,
        0.6091808080673218
    ],
    "val_loss": [
        2.0933241844177246,
        1.9934890270233154,
        1.956352949142456,
        1.927012324333191,
        1.910494327545166,
        1.8992321491241455,
        1.8965682983398438,
        1.8932325839996338,
        1.890015721321106,
        1.8861910104751587,
        1.8807984590530396,
        1.8825032711029053,
        1.8787094354629517,
        1.880026936531067,
        1.8799868822097778,
        1.8779340982437134,
        1.8761941194534302,
        1.8758512735366821,
        1.868659257888794,
        1.878209114074707
    ],
    "val_classifier_loss": [
        1.4481401443481445,
        1.3456310033798218,
        1.3075907230377197,
        1.2770304679870605,
        1.2671509981155396,
        1.253143548965454,
        1.25021493434906,
        1.2497551441192627,
        1.2407832145690918,
        1.2405771017074585,
        1.242600679397583,
        1.2397024631500244,
        1.237600326538086,
        1.2368316650390625,
        1.2368240356445312,
        1.2358700037002563,
        1.234809398651123,
        1.2353458404541016,
        1.2332959175109863,
        1.235508918762207
    ],
    "val_regressor_loss": [
        0.645183801651001,
        0.647858202457428,
        0.6487622261047363,
        0.6499817967414856,
        0.6433430314064026,
        0.6460886001586914,
        0.646353006362915,
        0.6434773206710815,
        0.6492327451705933,
        0.6456137895584106,
        0.6381978392601013,
        0.6428009271621704,
        0.6411092877388,
        0.6431952118873596,
        0.643162727355957,
        0.6420639753341675,
        0.6413846015930176,
        0.6405056715011597,
        0.6353632211685181,
        0.6427001357078552
    ],
    "val_classifier_mse": [
        0.08102037757635117,
        0.0856667160987854,
        0.0893087312579155,
        0.0910348892211914,
        0.09173683822154999,
        0.09290266782045364,
        0.09334049373865128,
        0.09407781064510345,
        0.09580829739570618,
        0.09493677318096161,
        0.09453022480010986,
        0.09504849463701248,
        0.09624805301427841,
        0.0955171063542366,
        0.0951680913567543,
        0.09562010318040848,
        0.09593260288238525,
        0.09636122733354568,
        0.09490179270505905,
        0.09574834257364273
    ],