{
    "loss": [
        1.8238927125930786,
        1.8219808340072632,
        1.8207001686096191,
        1.820589303970337,
        1.8170981407165527,
        1.8219822645187378,
        1.8207335472106934,
        1.8178482055664062
    ],
    "classifier_loss": [
        1.217996597290039,
        1.2180436849594116,
        1.2175545692443848,
        1.218010663986206,
        1.215951919555664,
        1.2183345556259155,
        1.2178360223770142,
        1.2159746885299683
    ],
    "regressor_loss": [
        0.6058958768844604,
        0.6039328575134277,
        0.6031431555747986,
        0.6025756001472473,
        0.6011461019515991,
        0.6036517024040222,
        0.6028954386711121,
        0.6018736362457275
    ],
    "classifier_mse": [
        0.09919208288192749,
        0.0989425852894783,
        0.09881753474473953,
        0.09865671396255493,
        0.09857185184955597,
        0.09868787229061127,
        0.09868025779724121,
        0.09855549782514572
    ],
    "classifier_mae": [
        0.20782601833343506,
        0.20755626261234283,
        0.20742283761501312,
        0.20725113153457642,
        0.207159161567688,
        0.20728805661201477,
        0.20727992057800293,
        0.207147017121315
    ],
    "classifier_root_mean_squared_error": [
        0.3149477541446686,
        0.3145514130592346,
        0.3143525719642639,
        0.3140966594219208,
        0.31396153569221497,
        0.3141462504863739,
        0.3141341507434845,
        0.3139354884624481
    ],
    "regressor_mse": [
        0.2955467402935028,
        0.29383933544158936,
        0.2934381365776062,
        0.2924598455429077,
        0.2919497787952423,
        0.2931799292564392,
        0.29267239570617676,
        0.29246655106544495
    ],
    "regressor_mae": [
        0.461559921503067,
        0.46029919385910034,
        0.4600828289985657,
        0.4593011736869812,
        0.4589773714542389,
        0.45995083451271057,
        0.459565669298172,
        0.45945894718170166
    ],
    "regressor_root_mean_squared_error": [
        0.5436421036720276,
        0.5420694947242737,
        0.5416992902755737,
        0.5407955646514893,
        0.540323793888092,
        0.5414609313011169,
        0.540992021560669,
        0.5408018231391907
    ],
    "val_loss": [
        1.867931604385376,
        1.8651398420333862,
        1.8657327890396118,
        1.8635849952697754,
        1.8610721826553345,
        1.8665465116500854,
        1.8647994995117188,
        1.8657727241516113
    ],
    "val_classifier_loss": [
        1.2165939807891846,
        1.2161437273025513,
        1.2164279222488403,
        1.2160414457321167,
        1.2157634496688843,
        1.2162697315216064,
        1.2162060737609863,
        1.2162525653839111
    ],
    "val_regressor_loss": [
        0.6513381004333496,
        0.6489956974983215,
        0.6493061780929565,
        0.6475439667701721,
        0.6453083753585815,
        0.6502763032913208,
        0.6485940217971802,
        0.6495200395584106
    ],
    "val_classifier_mse": [
        0.09818758815526962,
        0.0976153239607811,
        0.09810656309127808,
        0.09727171808481216,
        0.097408227622509,
        0.09818094968795776,
        0.09790500998497009,
        0.09763382375240326
    ],
    "val_classifier_mae": [
        0.2067379653453827,
        0.2061125785112381,
        0.20665614306926727,
        0.20572049915790558,
        0.2059018909931183,
        0.2067529261112213,
        0.20643837749958038,
        0.20612117648124695
    ],
    "val_classifier_root_mean_squared_error": [
        0.3133489787578583,
        0.31243452429771423,
        0.31321966648101807,
        0.3118841350078583,
        0.31210291385650635,
        0.31333839893341064,
        0.31289777159690857,
        0.3124641180038452
    ],
    "val_regressor_mse": [
        0.29071009159088135,
        0.2929830253124237,
        0.29825517535209656,
        0.2920820713043213,
        0.3051900863647461,
        0.29438287019729614,
        0.2980199456214905,
        0.3000621199607849
    ],
    "val_regressor_mae": [
        0.45668426156044006,
        0.45938876271247864,
        0.4631965756416321,
        0.4581197500228882,
        0.4688776135444641,
        0.460074245929718,
        0.46344444155693054,
        0.4653570055961609
    ],
    "val_regressor_root_mean_squared_error": [
        0.5391753911972046,
        0.5412790775299072,
        0.546127438545227,
        0.5404461622238159,
        0.5524401068687439,
        0.5425705909729004,
        0.5459120869636536,
        0.5477792620658875
    ]
}