{
    "loss": [
        1.8519185781478882,
        1.831238865852356,
        1.8286075592041016,
        1.8276734352111816,
        1.8235652446746826,
        1.8257418870925903,
        1.8245083093643188,
        1.8214043378829956
    ],
    "classifier_loss": [
        1.234378457069397,
        1.2199718952178955,
        1.2189873456954956,
        1.2192223072052002,
        1.2169842720031738,
        1.2190170288085938,
        1.2184722423553467,
        1.216569185256958
    ],
    "regressor_loss": [
        0.617538332939148,
        0.6112688779830933,
        0.6096230745315552,
        0.6084535121917725,
        0.6065858602523804,
        0.6067211031913757,
        0.6060386300086975,
        0.6048347353935242
    ],
    "classifier_mse": [
        0.09880433231592178,
        0.10018840432167053,
        0.09986969828605652,
        0.09958601742982864,
        0.09942703694105148,
        0.09925641864538193,
        0.0992288738489151,
        0.09905224293470383
    ],
    "classifier_mae": [
        0.2062736600637436,
        0.20886915922164917,
        0.20854617655277252,
        0.20824836194515228,
        0.2080804705619812,
        0.20789748430252075,
        0.20787189900875092,
        0.20768022537231445
    ],
    "classifier_root_mean_squared_error": [
        0.3143315613269806,
        0.31652551889419556,
        0.3160216510295868,
        0.31557250022888184,
        0.31532055139541626,
        0.3150498569011688,
        0.3150061368942261,
        0.3147256374359131
    ],
    "regressor_mse": [
        0.3093341290950775,
        0.3006546199321747,
        0.2989743947982788,
        0.29735347628593445,
        0.29661256074905396,
        0.2960754930973053,
        0.29540351033210754,
        0.2951766848564148
    ],
    "regressor_mae": [
        0.47146597504615784,
        0.46513649821281433,
        0.4638442397117615,
        0.46264582872390747,
        0.4621518552303314,
        0.4619485139846802,
        0.46138840913772583,
        0.4613038897514343
    ],
    "regressor_root_mean_squared_error": [
        0.5561781525611877,
        0.5483198165893555,
        0.5467855334281921,
        0.5453013181686401,
        0.544621467590332,
        0.5441281795501709,
        0.543510377407074,
        0.5433016419410706
    ],
    "val_loss": [
        1.8760422468185425,
        1.8724349737167358,
        1.8694590330123901,
        1.8652440309524536,
        1.8648712635040283,
        1.8685998916625977,
        1.8679237365722656,
        1.8683366775512695
    ],
    "val_classifier_loss": [
        1.2184447050094604,
        1.2173832654953003,
        1.2170360088348389,
        1.2164252996444702,
        1.2162940502166748,
        1.2166448831558228,
        1.2167326211929321,
        1.2166764736175537
    ],
    "val_regressor_loss": [
        0.6575976610183716,
        0.6550514101982117,
        0.6524228453636169,
        0.6488182544708252,
        0.6485767960548401,
        0.6519562602043152,
        0.6511923670768738,
        0.6516609191894531
    ],
    "val_classifier_mse": [
        0.09934081882238388,
        0.09857703000307083,
        0.09883298724889755,
        0.09795442968606949,
        0.09813965857028961,
        0.09872293472290039,
        0.09835206717252731,
        0.09818810969591141
    ],
    "val_classifier_mae": [
        0.20793516933918,
        0.20713111758232117,
        0.2074495553970337,
        0.20648357272148132,
        0.20670583844184875,
        0.20735083520412445,
        0.2069147825241089,
        0.2067297399044037
    ],
    "val_classifier_root_mean_squared_error": [
        0.3151837885379791,
        0.31396979093551636,
        0.3143771290779114,
        0.3129767179489136,
        0.31327250599861145,
        0.31420207023620605,
        0.31361132860183716,
        0.31334981322288513
    ],
    "val_regressor_mse": [
        0.29558101296424866,
        0.30321022868156433,
        0.3006591796875,
        0.29786446690559387,
        0.306361585855484,
        0.2961914837360382,
        0.30081436038017273,
        0.30277878046035767
    ],
    "val_regressor_mae": [
        0.4598984718322754,
        0.467257559299469,
        0.4649304449558258,
        0.46222439408302307,
        0.4692114293575287,
        0.46092674136161804,
        0.46571043133735657,
        0.4671798050403595
    ],
    "val_regressor_root_mean_squared_error": [
        0.5436736345291138,
        0.5506452918052673,
        0.5483239889144897,
        0.5457695722579956,
        0.5534994006156921,
        0.5442346930503845,
        0.5484654307365417,
        0.5502533912658691
    ]
}