{
    "loss": [
        2.4486634731292725,
        2.2261433601379395,
        2.1627683639526367,
        2.171658515930176,
        2.1203596591949463,
        2.107050657272339,
        2.0407443046569824,
        2.0538151264190674,
        2.001445770263672,
        2.008075475692749,
        1.9572118520736694,
        1.9957239627838135,
        1.9690191745758057,
        1.9917352199554443,
        1.9623104333877563,
        2.0042264461517334,
        1.9392162561416626,
        2.0102388858795166,
        2.0333268642425537,
        2.0292904376983643
    ],
    "classifier_loss": [
        1.8337218761444092,
        1.62894606590271,
        1.5544184446334839,
        1.5416221618652344,
        1.4938950538635254,
        1.4749172925949097,
        1.4219088554382324,
        1.426316499710083,
        1.385156512260437,
        1.384537696838379,
        1.3434381484985352,
        1.3724173307418823,
        1.353201985359192,
        1.3683555126190186,
        1.3454078435897827,
        1.3745635747909546,
        1.3272231817245483,
        1.3769145011901855,
        1.3933414220809937,
        1.3863518238067627
    ],
    "regressor_loss": [
        0.6149415373802185,
        0.5971969962120056,
        0.6083498597145081,
        0.6300362944602966,
        0.6264650225639343,
        0.6321328282356262,
        0.61883544921875,
        0.6274988055229187,
        0.6162891983985901,
        0.6235377192497253,
        0.6137734651565552,
        0.6233066916465759,
        0.6158172488212585,
        0.6233795285224915,
        0.6169025897979736,
        0.6296629905700684,
        0.611993134021759,
        0.6333240866661072,
        0.6399855017662048,
        0.6429384350776672
    ],
    "classifier_mse": [
        0.08695527911186218,
        0.0845804512500763,
        0.08360148966312408,
        0.08543044328689575,
        0.0858694538474083,
        0.08728693425655365,
        0.08595646917819977,
        0.08546293526887894,
        0.08711603283882141,
        0.08731098473072052,
        0.088563933968544,
        0.08699066191911697,
        0.08828295022249222,
        0.0873972550034523,
        0.08713311702013016,
        0.08791953325271606,
        0.08791898936033249,
        0.08923309296369553,
        0.08884143084287643,
        0.09068966656923294
    ],
    "classifier_mae": [
        0.15857219696044922,
        0.16178186237812042,
        0.16617663204669952,
        0.17233429849147797,
        0.1753009855747223,
        0.17878815531730652,
        0.17874351143836975,
        0.17911629378795624,
        0.18196141719818115,
        0.18303139507770538,
        0.18546344339847565,
        0.1836334764957428,
        0.1850470006465912,
        0.18452762067317963,
        0.18489843606948853,
        0.18553325533866882,
        0.18576538562774658,
        0.18743033707141876,
        0.1869792640209198,
        0.18957914412021637
    ],
    "classifier_root_mean_squared_error": [
        0.29488179087638855,
        0.2908271849155426,
        0.2891392409801483,
        0.29228487610816956,
        0.2930349111557007,
        0.2954436242580414,
        0.2931833267211914,
        0.2923404574394226,
        0.29515424370765686,
        0.295484334230423,
        0.29759693145751953,
        0.294941782951355,
        0.297124445438385,
        0.2956302762031555,
        0.2951831817626953,
        0.29651227593421936,
        0.29651135206222534,
        0.2987190783023834,
        0.298062801361084,
        0.3011472523212433
    ],
    "regressor_mse": [
        0.356807142496109,
        0.3462570309638977,
        0.37053224444389343,
        0.3609050214290619,
        0.3871091306209564,
        0.384874552488327,
        0.3866569697856903,
        0.3828001022338867,
        0.3684404194355011,
        0.3878181278705597,
        0.3896220028400421,
        0.3809143602848053,
        0.37766653299331665,
        0.37201693654060364,
        0.3782731294631958,
        0.380799800157547,
        0.38246968388557434,
        0.3945697844028473,
        0.3826809823513031,
        0.3890186846256256
    ],
    "regressor_mae": [
        0.49557381868362427,
        0.4895034730434418,
        0.5067319869995117,
        0.4990944564342499,
        0.5196055769920349,
        0.5168447494506836,
        0.5173798203468323,
        0.5168778896331787,
        0.5065243244171143,
        0.5213233232498169,
        0.5201048254966736,
        0.512597382068634,
        0.512208104133606,
        0.5091081857681274,
        0.5110117793083191,
        0.5132429599761963,
        0.5169115662574768,
        0.5214407444000244,
        0.5152597427368164,
        0.5182164907455444
    ],
    "regressor_root_mean_squared_error": [
        0.5973333716392517,
        0.5884360671043396,
        0.6087136268615723,
        0.6007537245750427,
        0.6221809387207031,
        0.6203826069831848,
        0.6218174695968628,
        0.6187084317207336,
        0.6069929599761963,
        0.622750461101532,
        0.6241971254348755,
        0.6171826124191284,
        0.6145458221435547,
        0.6099318861961365,
        0.6150391697883606,
        0.6170898079872131,
        0.6184413433074951,
        0.6281479001045227,
        0.6186121702194214,
        0.6237136125564575
    ],
    "val_loss": [
        2.4059813022613525,
        2.3155901432037354,
        2.23193621635437,
        2.203559160232544,
        2.1718878746032715,
        2.147977828979492,
        2.14054274559021,
        2.0946507453918457,
        2.108328342437744,
        2.112994432449341,
        2.0754833221435547,
        2.0605385303497314,
        2.062196731567383,
        2.054288148880005,
        2.052229404449463,
        2.0526411533355713,
        2.0590221881866455,
        2.0357742309570312,
        2.0442614555358887,
        2.0690791606903076
    ],
    "val_classifier_loss": [
        1.7642364501953125,
        1.6728707551956177,
        1.589460015296936,
        1.553231120109558,
        1.5285179615020752,
        1.496994972229004,
        1.484676718711853,
        1.455176591873169,
        1.4608803987503052,
        1.4812803268432617,
        1.4198938608169556,
        1.404954433441162,
        1.4165140390396118,
        1.4107755422592163,
        1.4085431098937988,
        1.3987789154052734,
        1.409695029258728,
        1.3862333297729492,
        1.3973429203033447,
        1.409860610961914
    ],
    "val_regressor_loss": [
        0.6417447924613953,
        0.6427193284034729,
        0.6424759030342102,
        0.6503279209136963,
        0.6433699131011963,
        0.6509828567504883,
        0.6558662056922913,
        0.639474093914032,
        0.6474478244781494,
        0.6317142248153687,
        0.6555893421173096,
        0.6555840373039246,
        0.6456826329231262,
        0.6435123682022095,
        0.6436863541603088,
        0.6538621187210083,
        0.6493270993232727,
        0.6495407819747925,
        0.646918535232544,
        0.6592186689376831
    ],
    "val_classifier_mse": [
        0.07984307408332825,
        0.07896362990140915,
        0.08513730764389038,
        0.08165182173252106,
        0.07954566925764084,
        0.08301214873790741,
        0.08542004972696304,
        0.0831078439950943,
        0.0838678628206253,
        0.07428991794586182,
        0.08427850902080536,
        0.08367244154214859,
        0.08540400117635727,
        0.08635365962982178,
        0.08261716365814209,
        0.08290363848209381,
        0.08203169703483582,
        0.08955341577529907,
        0.0825585275888443,
        0.08796055614948273
    ],