{
    "loss": [
        2.392836332321167,
        2.1091361045837402,
        1.98713219165802,
        1.9773622751235962,
        1.951499342918396,
        1.9537639617919922,
        1.8939039707183838,
        1.90243661403656,
        1.9033091068267822,
        1.9166115522384644,
        1.8932965993881226,
        1.8481014966964722,
        1.8776739835739136,
        1.9096490144729614,
        1.9159860610961914
    ],
    "classifier_loss": [
        1.773787498474121,
        1.485352873802185,
        1.3677369356155396,
        1.3455781936645508,
        1.3192871809005737,
        1.3163273334503174,
        1.2712053060531616,
        1.275730013847351,
        1.2745516300201416,
        1.283244252204895,
        1.2655270099639893,
        1.2348363399505615,
        1.2537307739257812,
        1.2746243476867676,
        1.2811952829360962
    ],
    "regressor_loss": [
        0.6190490126609802,
        0.6237831115722656,
        0.6193954348564148,
        0.6317840814590454,
        0.6322119832038879,
        0.6374370455741882,
        0.6226988434791565,
        0.6267067790031433,
        0.6287575364112854,
        0.6333672404289246,
        0.6277697682380676,
        0.6132650375366211,
        0.6239434480667114,
        0.635025143623352,
        0.63479083776474
    ],
    "classifier_mse": [
        0.08893508464097977,
        0.08962079882621765,
        0.09320195764303207,
        0.09422101825475693,
        0.0957111045718193,
        0.09542524069547653,
        0.0973200649023056,
        0.09651448577642441,
        0.09757819771766663,
        0.09726280719041824,
        0.09737572818994522,
        0.0971212089061737,
        0.09754334390163422,
        0.09787909686565399,
        0.09800732135772705
    ],
    "classifier_mae": [
        0.16618256270885468,
        0.18039445579051971,
        0.19149434566497803,
        0.1951468586921692,
        0.19831325113773346,
        0.19896890223026276,
        0.2017470896244049,
        0.20129811763763428,
        0.20286381244659424,
        0.20278678834438324,
        0.2030244618654251,
        0.20301085710525513,
        0.2035147100687027,
        0.2040785700082779,
        0.20410838723182678
    ],
    "classifier_root_mean_squared_error": [
        0.29821985960006714,
        0.29936733841896057,
        0.3052899241447449,
        0.30695441365242004,
        0.3093721270561218,
        0.30890974402427673,
        0.31196165084838867,
        0.31066781282424927,
        0.31237509846687317,
        0.31186988949775696,
        0.31205084919929504,
        0.31164276599884033,
        0.3123193085193634,
        0.3128563463687897,
        0.3130612075328827
    ],
    "regressor_mse": [
        0.36842554807662964,
        0.39193031191825867,
        0.38313883543014526,
        0.38216716051101685,
        0.38848260045051575,
        0.3811916410923004,
        0.3986821174621582,
        0.3895350396633148,
        0.387836217880249,
        0.38691481947898865,
        0.3877483308315277,
        0.3879025876522064,
        0.38716354966163635,
        0.38087669014930725,
        0.385779470205307
    ],
    "regressor_mae": [
        0.5065768361091614,
        0.5251970887184143,
        0.5163217782974243,
        0.5158074498176575,
        0.5207486152648926,
        0.5156234502792358,
        0.5273438096046448,
        0.5204138159751892,
        0.5203118920326233,
        0.51800936460495,
        0.5183184146881104,
        0.5203260183334351,
        0.518147349357605,
        0.5146499276161194,
        0.5171994566917419
    ],
    "regressor_root_mean_squared_error": [
        0.6069806814193726,
        0.6260433793067932,
        0.6189820766448975,
        0.6181967258453369,
        0.6232837438583374,
        0.6174072027206421,
        0.6314128041267395,
        0.6241274476051331,
        0.6227650046348572,
        0.6220247745513916,
        0.6226944327354431,
        0.6228183507919312,
        0.6222246885299683,
        0.6171520352363586,
        0.6211114525794983
    ],
    "val_loss": [
        2.1797900199890137,
        2.0546963214874268,
        2.0067801475524902,
        1.9750616550445557,
        1.9624933004379272,
        1.9510542154312134,
        1.9375028610229492,
        1.9329441785812378,
        1.9203816652297974,
        1.9204457998275757,
        1.9157402515411377,
        1.911691665649414,
        1.915289044380188,
        1.9014265537261963,
        1.9059598445892334
    ],
    "val_classifier_loss": [
        1.5290162563323975,
        1.3996909856796265,
        1.3531358242034912,
        1.3279410600662231,
        1.3115644454956055,
        1.3005155324935913,
        1.2886345386505127,
        1.283100962638855,
        1.273038625717163,
        1.2708103656768799,
        1.2650823593139648,
        1.263231635093689,
        1.2608342170715332,
        1.2553808689117432,
        1.2585920095443726
    ],
    "val_regressor_loss": [
        0.650773823261261,
        0.6550053358078003,
        0.653644323348999,
        0.6471205949783325,
        0.6509289741516113,
        0.6505386829376221,
        0.6488684415817261,
        0.6498432159423828,
        0.6473431587219238,
        0.6496353149414062,
        0.6506578326225281,
        0.6484598517417908,
        0.6544548869132996,
        0.6460456848144531,
        0.6473677158355713
    ],
    "val_classifier_mse": [
        0.08349386602640152,
        0.08576305210590363,
        0.08647900819778442,
        0.0888402983546257,
        0.09132929146289825,
        0.09086593985557556,
        0.0916757732629776,
        0.09209507703781128,
        0.09089034795761108,
        0.09218503534793854,
        0.09355579316616058,
        0.09470158070325851,
        0.09531404823064804,
        0.09451582282781601,
        0.09389469772577286
    ],
    "val_classifier_mae": [
        0.1712602823972702,
        0.18135066330432892,
        0.184922456741333,
        0.18909206986427307,
        0.19308994710445404,
        0.19323468208312988,
        0.19487731158733368,
        0.19559600949287415,
        0.19485846161842346,
        0.19635334610939026,
        0.19841335713863373,
        0.19977600872516632,
        0.20065680146217346,
        0.20013849437236786,
        0.199130579829216
    ],
    "val_classifier_root_mean_squared_error": [
        0.2889530658721924,
        0.29285329580307007,
        0.2940731346607208,
        0.29806089401245117,
        0.302207350730896,
        0.3014397919178009,
        0.30278006196022034,
        0.30347171425819397,
        0.3014802634716034,
        0.3036198914051056,
        0.305868923664093,
        0.30773621797561646,
        0.30872973799705505,
        0.30743423104286194,
        0.3064224123954773
    ],
    "val_regressor_mse": [
        0.3188922703266144,
        0.36098358035087585,
        0.3682892620563507,
        0.3437890410423279,
        0.37163904309272766,
        0.3616352081298828,
        0.3969990015029907,
        0.3854072093963623,
        0.357234925031662,
        0.3642842769622803,
        0.38456499576568604,
        0.37926334142684937,
        0.37928298115730286,
        0.38286516070365906,
        0.3719695806503296
    ],
    "val_regressor_mae": [
        0.4660581648349762,
        0.5010552406311035,
        0.5009294748306274,
        0.48892107605934143,
        0.5083872079849243,
        0.49548161029815674,
        0.5189532041549683,
        0.5150119662284851,
        0.4953734576702118,
        0.501360297203064,
        0.5150147676467896,
        0.5094971656799316,
        0.5143412947654724,
        0.5169474482536316,
        0.5040221810340881
    ],