{
    "loss": [
        2.3896708488464355,
        2.108152389526367,
        1.9857348203659058,
        1.9815565347671509,
        1.953736662864685,
        1.9529151916503906,
        1.8952220678329468,
        1.9012564420700073,
        1.904900312423706,
        1.9163436889648438,
        1.8926411867141724,
        1.8500736951828003,
        1.876664161682129,
        1.9097508192062378,
        1.9164153337478638,
        1.8569390773773193,
        1.8767246007919312,
        1.8949066400527954,
        1.8614314794540405,
        1.9371672868728638
    ],
    "classifier_loss": [
        1.7714763879776,
        1.4847023487091064,
        1.3672479391098022,
        1.35055410861969,
        1.3207920789718628,
        1.3161195516586304,
        1.2721922397613525,
        1.2752344608306885,
        1.2755025625228882,
        1.2838356494903564,
        1.264748215675354,
        1.2357945442199707,
        1.2533173561096191,
        1.2754603624343872,
        1.2811651229858398,
        1.2383707761764526,
        1.25177001953125,
        1.2651227712631226,
        1.2418851852416992,
        1.2942214012145996
    ],
    "regressor_loss": [
        0.6181942224502563,
        0.623449981212616,
        0.6184867024421692,
        0.6310024261474609,
        0.632944643497467,
        0.6367957592010498,
        0.6230297684669495,
        0.6260217428207397,
        0.629397451877594,
        0.6325077414512634,
        0.6278932690620422,
        0.6142790913581848,
        0.623346745967865,
        0.6342902183532715,
        0.6352499127388,
        0.6185682415962219,
        0.6249545812606812,
        0.6297838091850281,
        0.61954665184021,
        0.6429460048675537
    ],
    "classifier_mse": [
        0.08866310119628906,
        0.08958412706851959,
        0.09296935051679611,
        0.09377861768007278,
        0.09553736448287964,
        0.0951293334364891,
        0.09700960665941238,
        0.0965757742524147,
        0.09741738438606262,
        0.09752912819385529,
        0.09733576327562332,
        0.09760633111000061,
        0.09734438359737396,
        0.09783016890287399,
        0.09785901010036469,
        0.09837116301059723,
        0.09784595668315887,
        0.09791486710309982,
        0.09741871058940887,
        0.0973752960562706
    ],
    "classifier_mae": [
        0.16625668108463287,
        0.18051354587078094,
        0.19096463918685913,
        0.1943545937538147,
        0.19800664484500885,
        0.19869248569011688,
        0.20138603448867798,
        0.20130380988121033,
        0.2026273012161255,
        0.20305262506008148,
        0.20305801928043365,
        0.20347163081169128,
        0.2033405900001526,
        0.20397497713565826,
        0.20403039455413818,
        0.20482663810253143,
        0.20420686900615692,
        0.20419402420520782,
        0.20375055074691772,
        0.20368853211402893
    ],
    "classifier_root_mean_squared_error": [
        0.29776349663734436,
        0.29930609464645386,
        0.30490875244140625,
        0.3062329590320587,
        0.309091180562973,
        0.30843043327331543,
        0.3114636540412903,
        0.31076642870903015,
        0.3121176064014435,
        0.3122965395450592,
        0.3119868040084839,
        0.3124200999736786,
        0.3120006024837494,
        0.31277814507484436,
        0.3128242492675781,
        0.3136417865753174,
        0.31280335783958435,
        0.3129135072231293,
        0.3121196925640106,
        0.3120501637458801
    ],
    "regressor_mse": [
        0.36736124753952026,
        0.392503559589386,
        0.3826780617237091,
        0.3813469111919403,
        0.3886670470237732,
        0.38142967224121094,
        0.39910396933555603,
        0.3906796872615814,
        0.38764503598213196,
        0.3874422609806061,
        0.38792696595191956,
        0.38840925693511963,
        0.38753920793533325,
        0.3799128234386444,
        0.38667070865631104,
        0.3881208896636963,
        0.39285025000572205,
        0.3880824148654938,
        0.38628748059272766,
        0.3844397962093353
    ],
    "regressor_mae": [
        0.5054783821105957,
        0.5258093476295471,
        0.5157818794250488,
        0.515342652797699,
        0.5212357640266418,
        0.515897810459137,
        0.5274910926818848,
        0.5215322375297546,
        0.5197443962097168,
        0.5188153982162476,
        0.5182134509086609,
        0.5207007527351379,
        0.5189108848571777,
        0.5138463377952576,
        0.5181555151939392,
        0.5199632048606873,
        0.5227823853492737,
        0.5178747177124023,
        0.5184068083763123,
        0.5150512456893921
    ],
    "regressor_root_mean_squared_error": [
        0.6061033010482788,
        0.6265010237693787,
        0.6186097860336304,
        0.6175329089164734,
        0.6234316825866699,
        0.6175999641418457,
        0.631746768951416,
        0.6250437498092651,
        0.6226114630699158,
        0.6224486231803894,
        0.6228378415107727,
        0.6232249140739441,
        0.6225264668464661,
        0.616370677947998,
        0.6218284964561462,
        0.6229934692382812,
        0.6267776489257812,
        0.6229625344276428,
        0.6215203404426575,
        0.6200320720672607
    ],
    "val_loss": [
        2.1807003021240234,
        2.055661916732788,
        2.017817974090576,
        1.970762848854065,
        1.95901620388031,
        1.952882170677185,
        1.937225580215454,
        1.9312020540237427,
        1.9222861528396606,
        1.9186056852340698,
        1.9153872728347778,
        1.9114646911621094,
        1.9156455993652344,
        1.9052319526672363,
        1.9047526121139526,
        1.9044837951660156,
        1.8970259428024292,
        1.9050328731536865,
        1.9036965370178223,
        1.9024500846862793
    ],
    "val_classifier_loss": [
        1.5339221954345703,
        1.405524730682373,
        1.3656902313232422,
        1.324917197227478,
        1.3115900754928589,
        1.30441415309906,
        1.2902384996414185,
        1.2830736637115479,
        1.2740485668182373,
        1.2699267864227295,
        1.265254020690918,
        1.2633382081985474,
        1.2625747919082642,
        1.2588852643966675,
        1.2590199708938599,
        1.2583966255187988,
        1.2551504373550415,
        1.2553465366363525,
        1.2547465562820435,
        1.257093071937561
    ],
    "val_regressor_loss": [
        0.6467781066894531,
        0.6501374244689941,
        0.6521276831626892,
        0.6458454728126526,
        0.6474261283874512,
        0.6484681963920593,
        0.6469870805740356,
        0.6481284499168396,
        0.6482373476028442,
        0.6486787796020508,
        0.6501331925392151,
        0.6481267213821411,
        0.6530709266662598,
        0.6463466882705688,
        0.6457324624061584,
        0.6460871696472168,
        0.6418753862380981,
        0.6496862173080444,
        0.6489500403404236,
        0.6453570127487183
    ],
    "val_classifier_mse": [
        0.08142992109060287,
        0.08317267149686813,
        0.08538250625133514,
        0.08609882742166519,
        0.09050121158361435,
        0.09008150547742844,
        0.09072250127792358,
        0.09119866788387299,
        0.09042524546384811,
        0.09120864421129227,
        0.09242691844701767,
        0.09372726827859879,
        0.09448182582855225,
        0.09420354664325714,
        0.09307266026735306,
        0.09208003431558609,
        0.09418433904647827,
        0.0939813181757927,
        0.09415449947118759,
        0.09267574548721313
    ],